time,precipitation_m_day
1982-09-16,0.0011
1982-09-17,0.0
1982-09-18,0.00221
1982-09-19,0.0
1982-09-20,0.00136
1982-09-21,0.00026000000000000003
1982-09-22,0.0
1982-09-23,0.02646
1982-09-24,0.011
1982-09-25,0.00047999999999999996
1982-09-26,0.0
1982-09-27,0.00022
1982-09-28,0.0
1982-09-29,0.0006
1982-09-30,0.00653
1982-10-01,0.0050999999999999995
1982-10-02,0.00047
1982-10-03,0.00536
1982-10-04,0.0018700000000000001
1982-10-05,0.0
1982-10-06,0.01056
1982-10-07,0.00158
1982-10-08,0.00474
1982-10-09,0.00027
1982-10-10,0.008199999999999999
1982-10-11,0.0025299999999999997
1982-10-12,5e-05
1982-10-13,0.00414
1982-10-14,0.0
1982-10-15,0.0
1982-10-16,0.0008399999999999999
1982-10-17,0.00262
1982-10-18,0.00813
1982-10-19,0.00514
1982-10-20,7.000000000000001e-05
1982-10-21,0.0
1982-10-22,0.0032400000000000003
1982-10-23,2.9999999999999997e-05
1982-10-24,0.00041999999999999996
1982-10-25,0.005889999999999999
1982-10-26,0.00418
1982-10-27,0.0017800000000000001
1982-10-28,0.00578
1982-10-29,0.00269
1982-10-30,0.00013000000000000002
1982-10-31,0.02197
1982-11-01,2e-05
1982-11-02,0.00644
1982-11-03,0.00132
1982-11-04,0.00031
1982-11-05,0.0
1982-11-06,0.0
1982-11-07,0.0
1982-11-08,0.00099
1982-11-09,0.0
1982-11-10,0.0
1982-11-11,0.0007700000000000001
1982-11-12,0.0
1982-11-13,0.0
1982-11-14,0.0005899999999999999
1982-11-15,0.0
1982-11-16,0.0
1982-11-17,0.0
1982-11-18,0.0
1982-11-19,0.0
1982-11-20,0.00015
1982-11-21,0.0
1982-11-22,0.0
1982-11-23,0.0
1982-11-24,0.0
1982-11-25,0.0
1982-11-26,0.0
1982-11-27,0.0
1982-11-28,0.0
1982-11-29,0.0
1982-11-30,0.00117
1982-12-01,0.00125
1982-12-02,0.0
1982-12-03,0.0
1982-12-04,0.0
1982-12-05,0.0
1982-12-06,0.0
1982-12-07,0.0
1982-12-08,0.0
1982-12-09,0.0
1982-12-10,0.0
1982-12-11,0.0
1982-12-12,0.0
1982-12-13,0.0
1982-12-14,0.0
1982-12-15,0.0
1982-12-16,0.0
1982-12-17,0.0
1982-12-18,0.00011999999999999999
1982-12-19,0.0
1982-12-20,0.0
1982-12-21,0.0
1982-12-22,0.0
1982-12-23,0.0
1982-12-24,0.0
1982-12-25,0.0
1982-12-26,0.0
1982-12-27,0.0
1982-12-28,0.0
1982-12-29,0.0
1982-12-30,0.0
1982-12-31,0.0
1983-01-01,0.0
1983-01-02,0.0
1983-01-03,0.0
1983-01-04,0.0
1983-01-05,0.0
1983-01-06,0.0
1983-01-07,0.0
1983-01-08,0.0
1983-01-09,0.0
1983-01-10,0.0
1983-01-11,0.0
1983-01-12,0.0
1983-01-13,0.0
1983-01-14,0.0
1983-01-15,0.0
1983-01-16,0.0
1983-01-17,0.0
1983-01-18,0.0
1983-01-19,0.0
1983-01-20,0.0
1983-01-21,0.0
1983-01-22,0.0
1983-01-23,0.0
1983-01-24,0.0
1983-01-25,0.0
1983-01-26,0.0
1983-01-27,0.0
1983-01-28,0.0
1983-01-29,0.0
1983-01-30,0.0
1983-01-31,0.0
1983-02-01,0.0
1983-02-02,0.0
1983-02-03,0.0
1983-02-04,0.0
1983-02-05,0.0
1983-02-06,0.0
1983-02-07,0.0
1983-02-08,0.0012900000000000001
1983-02-09,0.0
1983-02-10,0.0014
1983-02-11,0.0
1983-02-12,0.0
1983-02-13,8.999999999999999e-05
1983-02-14,0.00054
1983-02-15,0.0
1983-02-16,0.0
1983-02-17,0.0
1983-02-18,0.0
1983-02-19,0.0
1983-02-20,0.0
1983-02-21,0.0
1983-02-22,0.0
1983-02-23,0.0
1983-02-24,0.0
1983-02-25,0.0
1983-02-26,0.0
1983-02-27,0.0
1983-02-28,0.0
1983-03-01,0.0
1983-03-02,0.0
1983-03-03,0.0
1983-03-04,0.0
1983-03-05,0.0
1983-03-06,0.0
1983-03-07,0.0
1983-03-08,0.0
1983-03-09,0.0
1983-03-10,0.0
1983-03-11,0.0
1983-03-12,0.0
1983-03-13,0.0
1983-03-14,0.0
1983-03-15,0.0
1983-03-16,0.0
1983-03-17,0.0
1983-03-18,0.0
1983-03-19,0.0
1983-03-20,0.0
1983-03-21,5e-05
1983-03-22,0.0030299999999999997
1983-03-23,0.0
1983-03-24,0.0
1983-03-25,0.0
1983-03-26,0.0
1983-03-27,0.0
1983-03-28,0.00017
1983-03-29,0.00741
1983-03-30,0.03737
1983-03-31,0.0013
1983-04-01,0.0
1983-04-02,0.0055
1983-04-03,0.04428
1983-04-04,0.0
1983-04-05,0.0
1983-04-06,0.0
1983-04-07,0.00019
1983-04-08,0.0013
1983-04-09,0.0028399999999999996
1983-04-10,0.02558
1983-04-11,5.9999999999999995e-05
1983-04-12,2.9999999999999997e-05
1983-04-13,0.00058
1983-04-14,0.0
1983-04-15,0.0
1983-04-16,0.0
1983-04-17,0.0
1983-04-18,0.00061
1983-04-19,0.0033799999999999998
1983-04-20,0.00032
1983-04-21,0.0
1983-04-22,0.0
1983-04-23,0.00038
1983-04-24,0.0009
1983-04-25,0.0006
1983-04-26,0.0064
1983-04-27,0.0010500000000000002
1983-04-28,0.00563
1983-04-29,0.0
1983-04-30,2e-05
1983-05-01,0.0
1983-05-02,0.00885
1983-05-03,0.00348
1983-05-04,0.0
1983-05-05,0.0
1983-05-06,0.0020099999999999996
1983-05-07,5e-05
1983-05-08,0.0016899999999999999
1983-05-09,0.024480000000000002
1983-05-10,0.00264
1983-05-11,0.00011999999999999999
1983-05-12,0.0
1983-05-13,0.0
1983-05-14,0.01048
1983-05-15,0.00315
1983-05-16,0.01207
1983-05-17,0.0
1983-05-18,0.00011999999999999999
1983-05-19,0.01574
1983-05-20,0.00038
1983-05-21,0.01896
1983-05-22,0.0
1983-05-23,0.0068200000000000005
1983-05-24,0.00991
1983-05-25,0.0020499999999999997
1983-05-26,0.0
1983-05-27,5e-05
1983-05-28,0.013359999999999999
1983-05-29,0.00013000000000000002
1983-05-30,0.00707
1983-05-31,0.00027
1983-06-01,0.01014
1983-06-02,0.00054
1983-06-03,0.048729999999999996
1983-06-04,0.0
1983-06-05,0.0
1983-06-06,0.0
1983-06-07,5.9999999999999995e-05
1983-06-08,0.017410000000000002
1983-06-09,0.0022400000000000002
1983-06-10,0.00458
1983-06-11,0.00116
1983-06-12,0.04106
1983-06-13,0.00017999999999999998
1983-06-14,0.0
1983-06-15,0.00348
1983-06-16,0.00099
1983-06-17,0.00574
1983-06-18,0.0008399999999999999
1983-06-19,0.0070599999999999994
1983-06-20,0.01831
1983-06-21,0.00151
1983-06-22,0.0
1983-06-23,5e-05
1983-06-24,0.0054
1983-06-25,0.027530000000000002
1983-06-26,0.00023999999999999998
1983-06-27,0.0037400000000000003
1983-06-28,0.00083
1983-06-29,0.0
1983-06-30,0.0
1983-07-01,0.0
1983-07-02,0.00996
1983-07-03,0.0010500000000000002
1983-07-04,0.00751
1983-07-05,0.00164
1983-07-06,0.00069
1983-07-07,0.01308
1983-07-08,0.0025299999999999997
1983-07-09,0.00817
1983-07-10,0.00035999999999999997
1983-07-11,0.00121
1983-07-12,0.004
1983-07-13,0.0073
1983-07-14,0.00942
1983-07-15,0.0
1983-07-16,0.0
1983-07-17,0.00266
1983-07-18,0.00073
1983-07-19,0.0
1983-07-20,0.0
1983-07-21,0.0
1983-07-22,0.0
1983-07-23,0.00244
1983-07-24,0.00051
1983-07-25,0.00234
1983-07-26,0.005030000000000001
1983-07-27,0.02856
1983-07-28,0.00217
1983-07-29,0.00511
1983-07-30,0.01025
1983-07-31,0.00039
1983-08-01,0.0
1983-08-02,0.00047999999999999996
1983-08-03,0.00817
1983-08-04,0.0027
1983-08-05,0.0
1983-08-06,0.00182
1983-08-07,0.00553
1983-08-08,0.00863
1983-08-09,0.0022
1983-08-10,0.00022
1983-08-11,0.00878
1983-08-12,0.00116
1983-08-13,0.0012900000000000001
1983-08-14,0.0
1983-08-15,2.9999999999999997e-05
1983-08-16,0.00025
1983-08-17,0.0
1983-08-18,0.0
1983-08-19,0.0014399999999999999
1983-08-20,0.00394
1983-08-21,2e-05
1983-08-22,0.0
1983-08-23,0.0
1983-08-24,0.0025299999999999997
1983-08-25,0.00176
1983-08-26,0.009529999999999999
1983-08-27,0.00725
1983-08-28,0.00522
1983-08-29,0.010289999999999999
1983-08-30,0.00282
1983-08-31,0.0
1983-09-01,0.0
1983-09-02,7.000000000000001e-05
1983-09-03,0.00075
1983-09-04,0.0
1983-09-05,0.011519999999999999
1983-09-06,1e-05
1983-09-07,0.00211
1983-09-08,0.01233
1983-09-09,0.0
1983-09-10,0.0
1983-09-11,0.009609999999999999
1983-09-12,0.00063
1983-09-13,0.01047
1983-09-14,0.00176
1983-09-15,0.00462
