MM-DD,Discharge_m3s
01-01,1.0714285714285714
01-02,0.7142857142857143
01-03,0.35714285714285715
01-04,0.0
01-05,0.0
01-06,0.0
01-07,0.0
01-08,0.0
01-09,0.0
01-10,0.0
01-11,0.0
01-12,0.0
01-13,0.0
01-14,0.0
01-15,0.0
01-16,0.0
01-17,0.0
01-18,0.0
01-19,0.0
01-20,0.0
01-21,0.0
01-22,0.0
01-23,0.0
01-24,0.0
01-25,0.0
01-26,0.0
01-27,0.0
01-28,0.0
01-29,0.0
01-30,0.0
01-31,0.0
02-01,0.0
02-02,0.0
02-03,0.0
02-04,0.0
02-05,0.0
02-06,0.0
02-07,0.0
02-08,0.0
02-09,0.0
02-10,0.0
02-11,0.0
02-12,0.0
02-13,0.0
02-14,0.0
02-15,0.0
02-16,0.0
02-17,0.0
02-18,0.0
02-19,0.0
02-20,0.0
02-21,0.0
02-22,0.0
02-23,0.0
02-24,0.0
02-25,0.0
02-26,0.0
02-27,0.0
02-28,0.0
03-01,0.0
03-02,0.0
03-03,0.0
03-04,0.0
03-05,0.0
03-06,0.0
03-07,0.0
03-08,0.0
03-09,0.0
03-10,0.0
03-11,0.0
03-12,0.0
03-13,0.0
03-14,0.0
03-15,0.0
03-16,0.0
03-17,0.0
03-18,0.0
03-19,0.0
03-20,0.0
03-21,0.0
03-22,0.0
03-23,0.0
03-24,0.0
03-25,0.0
03-26,0.0
03-27,0.0
03-28,0.0
03-29,0.0
03-30,0.0
03-31,0.0
04-01,0.0
04-02,0.0
04-03,0.0
04-04,0.0
04-05,0.0
04-06,0.0
04-07,0.0
04-08,0.0
04-09,0.0
04-10,0.0
04-11,0.0
04-12,0.0
04-13,0.0
04-14,0.0
04-15,0.0
04-16,0.0
04-17,0.0
04-18,0.0
04-19,0.0
04-20,0.0
04-21,0.0
04-22,0.0
04-23,0.0
04-24,0.0
04-25,0.0
04-26,0.0
04-27,0.0
04-28,0.0
04-29,0.0
04-30,0.0
05-01,0.0
05-02,0.0
05-03,0.0
05-04,0.0
05-05,0.0
05-06,0.0
05-07,0.0
05-08,0.0
05-09,0.0
05-10,0.0
05-11,0.0
05-12,0.0
05-13,0.0
05-14,0.0
05-15,0.0
05-16,0.0
05-17,0.0
05-18,0.0
05-19,0.0
05-20,0.0
05-21,0.0
05-22,0.0
05-23,0.0
05-24,0.0
05-25,0.0
05-26,0.0
05-27,0.0
05-28,0.0
05-29,0.0
05-30,0.0
05-31,0.0
06-01,0.07142857142857142
06-02,0.2857142857142857
06-03,0.42857142857142855
06-04,0.6428571428571429
06-05,0.7857142857142857
06-06,0.9285714285714286
06-07,1.0357142857142858
06-08,1.0357142857142858
06-09,0.8928571428571429
06-10,0.9285714285714286
06-11,1.1428571428571428
06-12,1.2857142857142858
06-13,1.3571428571428572
06-14,1.6071428571428572
06-15,1.9285714285714286
06-16,2.1785714285714284
06-17,2.142857142857143
06-18,1.8214285714285714
06-19,1.75
06-20,1.75
06-21,1.5357142857142858
06-22,1.2857142857142858
06-23,1.1071428571428572
06-24,1.1785714285714286
06-25,1.2142857142857142
06-26,1.3571428571428572
06-27,1.5
06-28,1.7142857142857142
06-29,1.7857142857142858
06-30,1.8571428571428572
07-01,1.8571428571428572
07-02,1.9285714285714286
07-03,1.7857142857142858
07-04,1.6428571428571428
07-05,1.5
07-06,1.5714285714285714
07-07,1.6428571428571428
07-08,1.7142857142857142
07-09,1.7857142857142858
07-10,1.8571428571428572
07-11,1.9642857142857142
07-12,2.0357142857142856
07-13,2.1785714285714284
07-14,2.4642857142857144
07-15,2.75
07-16,3.0357142857142856
07-17,3.25
07-18,3.642857142857143
07-19,4.857142857142857
07-20,6.785714285714286
07-21,8.214285714285714
07-22,9.428571428571429
07-23,10.428571428571429
07-24,11.642857142857142
07-25,12.785714285714286
07-26,14.357142857142858
07-27,15.857142857142858
07-28,15.714285714285714
07-29,16.857142857142858
07-30,18.142857142857142
07-31,19.035714285714285
08-01,19.571428571428573
08-02,19.035714285714285
08-03,17.428571428571427
08-04,18.142857142857142
08-05,18.071428571428573
08-06,18.964285714285715
08-07,20.785714285714285
08-08,22.214285714285715
08-09,23.392857142857142
08-10,24.357142857142858
08-11,24.714285714285715
08-12,24.571428571428573
08-13,23.392857142857142
08-14,21.392857142857142
08-15,19.928571428571427
08-16,18.571428571428573
08-17,17.785714285714285
08-18,17.071428571428573
08-19,16.357142857142858
08-20,15.571428571428571
08-21,14.714285714285714
08-22,13.785714285714286
08-23,12.857142857142858
08-24,11.928571428571429
08-25,11.142857142857142
08-26,10.642857142857142
08-27,10.357142857142858
08-28,10.5
08-29,10.357142857142858
08-30,9.928571428571429
08-31,9.5
09-01,9.214285714285714
09-02,9.071428571428571
09-03,8.928571428571429
09-04,8.357142857142858
09-05,8.214285714285714
09-06,8.714285714285714
09-07,9.714285714285714
09-08,10.642857142857142
09-09,10.714285714285714
09-10,10.5
09-11,10.428571428571429
09-12,10.142857142857142
09-13,9.357142857142858
09-14,7.928571428571429
09-15,6.5
09-16,5.571428571428571
09-17,5.0
09-18,4.428571428571429
09-19,4.142857142857143
09-20,3.9285714285714284
09-21,3.7142857142857144
09-22,3.5
09-23,3.357142857142857
09-24,3.2142857142857144
09-25,3.2142857142857144
09-26,3.0714285714285716
09-27,2.9285714285714284
09-28,2.857142857142857
09-29,2.7857142857142856
09-30,2.7857142857142856
10-01,2.7142857142857144
10-02,2.5714285714285716
10-03,2.5
10-04,2.5
10-05,2.5
10-06,2.5
10-07,2.5
10-08,2.5
10-09,2.5
10-10,2.5
10-11,2.5
10-12,2.5
10-13,2.5
10-14,2.5
10-15,2.5
10-16,2.5
10-17,2.5
10-18,2.5
10-19,2.5
10-20,2.5
10-21,2.5
10-22,2.5
10-23,2.5
10-24,2.5
10-25,2.5
10-26,2.5
10-27,2.5
10-28,2.5
10-29,2.5
10-30,2.5
10-31,2.5
11-01,2.5
11-02,2.5
11-03,2.5
11-04,2.5
11-05,2.5
11-06,2.5
11-07,2.5
11-08,2.5
11-09,2.5
11-10,2.5
11-11,2.5
11-12,2.5
11-13,2.5
11-14,2.5
11-15,2.5
11-16,2.5
11-17,2.5
11-18,2.5
11-19,2.5
11-20,2.5
11-21,2.5
11-22,2.5
11-23,2.5
11-24,2.5
11-25,2.5
11-26,2.5
11-27,2.5
11-28,2.5
11-29,2.5
11-30,2.5
12-01,2.5
12-02,2.5
12-03,2.5
12-04,2.5
12-05,2.5
12-06,2.5
12-07,2.5
12-08,2.5
12-09,2.5
12-10,2.5
12-11,2.5
12-12,2.5
12-13,2.5
12-14,2.5
12-15,2.5
12-16,2.5
12-17,2.5
12-18,2.5
12-19,2.5
12-20,2.5
12-21,2.5
12-22,2.5
12-23,2.5
12-24,2.5
12-25,2.5
12-26,2.5
12-27,2.5
12-28,2.5
12-29,2.142857142857143
12-30,1.7857142857142858
12-31,1.4285714285714286
